{"schemaVersion":"1.0","appDefinitionTemplate":{"id":"/providers/Microsoft.PowerApps/apps/","type":"Microsoft.PowerApps/apps","tags":{"minimumRequiredApiVersion":"2.2.0"},"properties":{"appVersion":"2019-05-09T02:19:18Z","lifeCycleId":"Published","createdByClientVersion":{"major":3,"minor":19045,"build":16,"revision":0,"majorRevision":0,"minorRevision":0},"minClientVersion":{"major":3,"minor":19045,"build":16,"revision":0,"majorRevision":0,"minorRevision":0},"backgroundColor":"rgba(175, 229, 178, 1)","backgroundImageUri":"/11593040805782009862/N78f525ec-9c91-4a52-902f-2fc63c422810-logoSmallFile","displayName":"World Clocks Demo","description":"","appUris":{"documentUri":{"value":"/11593040805782009862/N36927822-ed11-49d3-90d5-c0de6d6cc13d-document.msapp","readonlyValue":"/11593040805782009862/N36927822-ed11-49d3-90d5-c0de6d6cc13d-document.msapp"},"imageUris":[]},"createdTime":"0001-01-01T00:00:00Z","lastModifiedTime":"0001-01-01T00:00:00Z","sharedGroupsCount":0,"sharedUsersCount":0,"icons":{"smallIconUri":"/11593040805782009862/N7d4ec616-7822-4ffe-95c0-1d12c94c792e-small.png","mediumIconUri":"/11593040805782009862/N39eb6280-a918-4e78-a55b-c88d7e7f90e6-medium.png","largeIconUri":"/11593040805782009862/N5cff8561-a976-4542-b60f-dd1efdccb697-large.png","wideIconUri":"/11593040805782009862/N03ac1920-c037-4148-a6a4-bab8972de250-wide.png"},"connectionReferences":{"c734030d-1b8d-495d-a1ac-82f8bb5bc927":{"id":"7a1b9cfb-e4da-40b1-9466-90e7892bed92","displayName":"Common Data Service","iconUri":"https://connectoricons-prod.azureedge.net/commondataservice/icon_1.0.1137.1425.png","dataSources":["Time Zone Definitions"],"dependencies":[],"dependents":[],"parameterHints":{},"isOnPremiseConnection":false,"bypassConsent":false,"dataSets":{"default.cds":{"dataSources":{"Time Zone Definitions":{"tableName":"timezonedefinitions"}}}},"apiTier":"Premium","isCustomApiConnection":false},"7ce85145-2f97-4651-942c-efd76a3d3718":{"id":"0c56a227-12a6-4df2-8808-1078e30db7ab","displayName":"Logic flows","iconUri":"https://resourcestackdeploy.blob.core.windows.net/scripts/13276078.png","dataSources":["TestAppGetWorldClocks"],"dependencies":[],"dependents":[],"parameterHints":{"workflowName":{"value":"a7643779-beec-4808-b0c5-31622d29fe27"}},"isOnPremiseConnection":false,"bypassConsent":false,"dataSets":{},"apiTier":"Standard","isCustomApiConnection":false}},"almMode":"Environment"}}}