{"name":"3b0b7c1a-814b-4f5a-a68a-05c5e4ecddd9","id":"/providers/Microsoft.Flow/flows/3b0b7c1a-814b-4f5a-a68a-05c5e4ecddd9","type":"Microsoft.Flow/flows","properties":{"apiId":"/providers/Microsoft.PowerApps/apis/shared_logicflows","displayName":"Test App Get World Clocks","definition":{"metadata":{"workflowEntityId":null,"creator":{"id":"77c47873-b120-4797-a9dd-f339cf1e4cb6","type":"User","tenantId":"8d8f1ac7-6052-4684-82c6-b61d6ab5dd7e"},"provisioningMethod":"FromDefinition","failureAlertSubscription":true,"clientLastModifiedTime":"2019-04-14T19:14:51.1436919Z"},"$schema":"https://schema.management.azure.com/providers/Microsoft.Logic/schemas/2016-06-01/workflowdefinition.json#","contentVersion":"1.0.0.0","parameters":{"$authentication":{"defaultValue":{},"type":"SecureObject"}},"triggers":{"manual":{"type":"Request","kind":"PowerApp","inputs":{"schema":{"type":"object","required":["Timezones_Content"],"properties":{"Timezones_Content":{"type":"any","x-ms-powerflows-param-ispartial":false}}}}}},"actions":{"Timezones":{"runAfter":{"Initialize_varErrorMessage":["Succeeded"]},"type":"ParseJson","inputs":{"content":"@triggerBody()['Timezones_Content']","schema":{"type":"array","items":{"type":"object","properties":{"standardname":{"type":"string"},"userinterfacename":{"type":"string"}},"required":["standardname","userinterfacename"]}}}},"EachTimezone":{"foreach":"@body('Timezones')","actions":{"Convert_time_zone":{"runAfter":{},"type":"Expression","kind":"ConvertTimeZone","inputs":{"baseTime":"@variables('varNowUTC')","formatString":"s","sourceTimeZone":"UTC","destinationTimeZone":"@items('EachTimezone')['standardname']"}},"Compose_JSON":{"runAfter":{"If_convert_time_zone_fails,_append_to_outputArray":["Skipped"]},"type":"Compose","inputs":{"Timezone":"@items('EachTimezone')['standardname']","LocalTime":"@body('Convert_time_zone')","UTCTime":"@variables('varNowUTC')","Error":""}},"Append_JSON":{"runAfter":{"Compose_JSON":["Succeeded"]},"type":"AppendToArrayVariable","inputs":{"name":"outputArray","value":"@outputs('Compose_JSON')"}},"If_Convert_time_zone_fails":{"runAfter":{"Convert_time_zone":["Failed"]},"type":"Compose","inputs":{"Timezone":"@items('EachTimezone')['standardname']","LocalTime":"","UTCTime":"@variables('varNowUTC')","Error":"@variables('varErrorMessage')"}},"If_convert_time_zone_fails,_append_to_outputArray":{"runAfter":{"If_Convert_time_zone_fails":["Succeeded"]},"type":"AppendToArrayVariable","inputs":{"name":"outputArray","value":"@outputs('If_Convert_time_zone_fails')"}}},"runAfter":{"Timezones":["Succeeded"]},"type":"Foreach"},"Initialize_outputArray":{"runAfter":{"Initialize_varNowUTC":["Succeeded"]},"type":"InitializeVariable","inputs":{"variables":[{"name":"outputArray","type":"Array"}]}},"Response":{"runAfter":{"EachTimezone":["Succeeded"]},"type":"Response","kind":"Http","inputs":{"statusCode":200,"body":"@variables('outputArray')","schema":{"type":"array","items":{"type":"object","properties":{"Timezone":{"type":"string"},"LocalTime":{"type":"string"},"UTCTime":{"type":"string"},"Error":{"type":"string"}},"required":["Timezone","LocalTime","UTCTime","Error"]}}}},"Initialize_varErrorMessage":{"runAfter":{"Initialize_outputArray":["Succeeded"]},"type":"InitializeVariable","inputs":{"variables":[{"name":"varErrorMessage","type":"String","value":"Failed to convert to selected time zone"}]}},"Initialize_varNowUTC":{"runAfter":{},"type":"InitializeVariable","inputs":{"variables":[{"name":"varNowUTC","type":"String","value":"@{formatDateTime(utcNow(),'s')}"}]}}},"outputs":{}},"connectionReferences":{},"flowFailureAlertSubscribed":false}}